hardmod_status_nohealing_name,Wounded,Ранен,,,,,,,受创,負傷,,,,
hardmod_status_nohealing_desc,You can not be healed.,Вы не можете быть исцелены.,,,,,,,各类治疗魔法无法治疗你。,回復魔法の効果がない。,,,,
hardmod_perk_all_seeing_eye_name,All-Seeing Eye,,,,,,,,,,,,,
hardmod_perk_all_seeing_eye_desc,Your cursor carries a magic light that cuts through darkness.,,,,,,,,,,,,,
hardmod_perk_protection_fire_name,Fire Protection,,,,,,,,,,,,,
hardmod_perk_protection_fire_desc,The damage you take from fire is halved.,,,,,,,,,,,,,
hardmod_perk_bleed_oil_desc,"You bleed flammable oil, and take halved damage from fire.",,,,,,,,,,,,,
hardmod_perk_protection_explosion_name,Explosion Protection,,,,,,,,,,,,,
hardmod_perk_protection_explosion_desc,The damage you take from explosions is halved.,,,,,,,,,,,,,
hardmod_perk_exploding_corpses_desc,"Enemies explode upon death, and you take halved damage from explosions.",,,,,,,,,,,,,
hardmod_perk_protection_electricity_name,Electricity Protection,,,,,,,,,,,,,
hardmod_perk_protection_electricity_desc,The damage you take from electricity is halved.,,,,,,,,,,,,,
hardmod_perk_protection_melee_name,Melee Protection,,,,,,,,,,,,,
hardmod_perk_protection_melee_desc,The damage you take from melee attacks is halved.,,,,,,,,,,,,,
hardmod_status_ase_disabled_name,Null-Seeing Eye,,,,,,,,,,,,,
hardmod_status_ase_disabled_desc,Your All-Seeing Eye has been temporarily disabled.\nSource: Master of Blinding,,,,,,,,,,,,,
hardmod_hmrework_crystal,Collapse Crystal,,,,,,,,,,,,,